3ec4c809-bac5-4a82-9d4b-94d01180d76d,Buzzy Bee Building Blocks
3afd6d0a-c351-4241-9019-76cee1588f57,Whirlwind Racing Cars
ed95c0e7-9de7-4706-abfd-e3216747d2c9,Dizzy Dinosaur Puzzle
48c4fa0c-b499-4360-a8ed-1595b0b61e3d,Rainbow Sparkle Unicorn Doll
c36a31e8-b962-4acd-8f94-f9b0009d86f7,Magnetic Alphabet Tiles
ea2f5b4c-5b7d-4e13-95d2-ca783a33bd65,Space Explorer Playset
018e1ae9-aafd-41a7-bcf1-a82bfae71704,Fluttering Fairy Wings
75536956-ad25-4044-8afb-c0603e18b4c0,Giggling Gizmo Robot
b32ae78d-37d7-436e-87f3-7aba4cba1d0f,Tiny Tots Tea Party Set
b1f94d79-d417-44f1-aa90-55525cc156ce,Jungle Safari Plush Animals
5f862d6c-3105-4d61-ae0e-1dc64e22bc48,Magic Castle Building Kit
64c17df7-da92-45fb-915e-8fb592a07813,Doodle Art Drawing Board
ddd3a2ef-d1ec-4a1b-89a1-91367639030f,Penguin Pal Bowling Game
1f08f9ef-d249-444f-8d21-a6a5a900c0e6,Pixel Power Action Figures
cd862905-d1dc-47df-abe2-27a331f39e6f,Enchanted Garden Playhouse
e2cc8931-95f9-47c0-97a1-ada2cde8dbd4,Zooming Rocket Launcher
0319299c-3f9f-4b33-9b3e-9cb8be98fb23,Cuddly Kitty Stuffed Animal
4d5d9eb8-7c54-4093-be1a-fb15213f3c2d,Ocean Adventure Bath Toys
0c153f18-b233-40d0-aa55-5c342dfd758b,Puzzle Planet 3D Puzzle
5a4efccf-1348-48ea-8bd3-0162848637f5,Monster Mash-Up Playdough
790d690d-cbac-4bb1-9ef6-bd3695f10375,Laser Tag Battle Blasters
1f4aaf0f-20c0-4227-8f59-6daf568f8dad,Mini Chef Cooking Playset
e0989f6f-93a0-421d-828a-d06adbd917b5,Whistle and Wobble Yo-Yo
9cfb652a-d6b2-4c65-8f00-95330246aef7,Daring Dino Dig Excavation Kit
35cf38d7-a235-4d6b-a514-682d9e5c7741,Rainbow Ribbon Jump Rope
67d2fcc2-3a2f-4bb9-b11e-b88f7877ee11,Silly Sock Monkey Plush
1734821b-4551-4128-9589-2993a76fd5cb,Mega Marble Maze Madness
724946d9-df85-4432-8540-52e45999d263,Jigsaw Jungle Puzzle
ab26dd46-7e6e-45ca-a6a3-05bf3075c803,Rock 'n' Roll Guitar Toy
2c592a31-9a38-419c-b1d5-ae87583276d3,Fluffy Friends Pillow Pal
f8d6bed1-e22f-47d2-99b1-5a4fba5a97b1,Squiggly Squishy Stress Ball
66008990-67f5-40d9-80d0-d2dc43c180a3,Robo-Buddy Remote Control Robot
9b107834-de03-476f-a63b-c253c8359260,Colorful Kaleidoscope Viewer
ee12353b-872f-45b3-a4ee-154013002fd8,Dazzling Disco Dance Mat
d59632fa-6526-4364-b4ce-f0c1b374f6f2,Snuggle Snail Plush Pillow
0ae09ce5-79aa-40a5-8da6-070983645fe1,Super Soaker Splash Gun
87f7ceba-21b1-495b-a5ab-aec261b2c569,Bouncing Bunny Hopscotch
dad06c8e-010d-4a4d-a834-ae2d22a6a617,Musical Magic Keyboard
547e239c-1776-4989-87e8-19aa3c847fe3,Blastoff Bubble Blower
602f9b09-a567-4993-85a6-8473af5698c9,Panda Pals Building Blocks
b3921bd6-4390-4841-97c5-988871d78502,Whacky Watercolor Art Set
b2e79a8e-d957-4d65-b113-c5b7e5475dc0,Slinky Spring Toy
2c5c78a9-d0e0-4843-83ea-a4fa835a27b9,Jittery Jigsaw Puzzle
2474ec45-90ae-4c1a-b9dc-c7f5098c470f,Bouncing Ball Bonanza
abc2cf38-f94a-4037-9c60-b8966ee0611c,Mini Masterpiece Easel
427a5d5c-b037-452a-b4c2-18751d983738,Dino Roar Sound Book
a94a11f6-3753-4b3d-9138-e6bdd93fad28,Galactic Glow Stars
8bda7b4c-661f-49ac-bbb9-326fc68c0892,Funky Fruit Jumping Rope
7efcd80c-10db-4569-94e0-b06c52b243f0,Rolling Rainbow Skateboard
41e768f9-5cdc-4329-ab52-bc14daba69b4,Lego Land Adventure Set
15ce7c29-0e02-4e99-b5c3-055cb044245f,Safari Explorer Binoculars
c07c4947-bca6-4226-ba41-26893cfa5f84,Scented Sticker Scrapbook
49fdfeb5-d47d-4642-9ff9-89c6fd588bc6,Starry Night Light Projector
91823001-4b90-469b-8b8f-2d4770660099,Puzzlemania Board Game
10c0052f-5b6f-46bf-854d-803c3427fbdc,Daring Detective Spy Kit
f017a488-5e71-46c4-97af-edf7fc1817c7,Twirling Tutu Ballerina Doll
96a04835-ab1a-4890-b98f-a916ece2a502,Rocket Racer Remote Car
3eb508a7-58d9-46aa-a653-afe237204d0e,Teddy Bear Picnic Basket
3b5cdc38-3a90-4438-9c35-efda30df23b2,Glowing Galaxy Slime
9f4f6aa1-ad72-4e70-b438-7c11e67a734b,Funky Fashion Design Kit
08bdaee9-dc9d-4d8a-9f81-c834842e7160,Jungle Jamboree Drum Set
84f0a152-e52c-4c69-8d67-27b115eb44ec,Lively Ladybug Kite
e9912c02-63d3-4966-b7c8-42791525146b,Bubblegum Blast Bubble Wand
307e1a00-826c-4601-83b4-fba9b481e7d3,Fishing Fun Magnetic Game
0d1c478f-9bc9-4ddd-82fe-299c494d0600,Whiz Kid Science Lab
ceac5832-d940-4d9d-833a-d067ac54f695,Silly Snake Charmer Flute
be66e26a-9151-41b3-bb0a-4217c3bab23f,Woodland Wonderland Puppet Theater
beb59673-d267-4154-8bef-b70860f61c0d,Tricky Tumbling Tumbleweed
6ecd7621-68d2-481d-84c8-c5bb0292e370,Gourmet Gummy Candy Maker
80843357-0e4e-4a4d-beda-06ad82299aa0,Crazy Crocodile Water Slide
c06972a3-60c8-4167-895b-46c121eda760,Whistle While You Work Whistle
436011f6-4774-48ac-85f3-e8cad5d71dbe,Tumbling T-Rex Tumble Toy
b25a5a9a-ae93-4a4a-9cf5-69eb9889a55d,Lil' Picasso Art Smock
0d4e30ce-597b-4c03-9f4e-209598d6f5a1,Sailing Ship Adventure Set
c08571d6-5226-4693-af48-f63cb87283fb,Moonwalk Moon Shoes
4b571426-a735-4261-895a-75354b9f1ebc,Vibrant Velociraptor Puzzle
53f27c5e-7258-4a54-9583-6377b31ffb92,Whisker Whirlwind Cat Toy
ddf0b8c2-a408-4ad7-a065-3aec82d11271,Bubbly Bath Bubble Bath
8e4d4869-9b7e-4c0a-8577-8cb0ba30ae8f,Blast-Off Balloon Rocket
574d2685-8abe-4452-a235-6150f2b6605e,Wacky Watermelon Beach Ball
2d2889f7-4dfc-400d-982d-59f8a1524286,Dizzy Doodle Drawing Pad
5e11438a-17b8-4ece-98b2-16457b464037,Puzzle Palace Playhouse
9f89c30d-e104-4513-bc4d-39e70560c0a0,Squishy Squidgy Stress Toy
6162c1b1-9073-490e-8710-834f379319d9,Tickle Me Teddy Tickling Toy
02e94333-c19f-40b0-b7fc-7a7e4bc5f7ff,Flipping Fish Frisbee
19a967f5-4d79-4a85-8c9f-e7b983f8a4ed,Glowing Ghostly Glow Sticks
3d3a7c1a-82b8-4551-8e20-e849b2a95e79,Stellar Stomp Rocket
ac14dcf3-d870-4b45-a029-b7fa87df6abf,Candy Cane Cuddly Pillow
c29ab64f-6b24-4b59-8896-ca17d1ede484,Twisting Tornado Top
790a96af-a099-48f7-ae26-1c25c08375bc,Jungle Jumping Jacks
8078e84b-0474-478a-9344-d5abd8e5e94d,Superhero Squad Action Figures
acd0da13-a29a-4a2d-a9e5-0373f4f2c933,Squeaky Clean Soapmaking Kit
e6a729f1-0710-4f26-b247-688eff553cc3,Zooming Zebra Zipline
ecec0842-cf78-4cd0-a8f5-5d060ea1e382,Dazzling Dragonfly Kite
890eaff5-6425-4629-8853-dcc9b2b8cae3,Flipping Fun Flipbook
6e111b8c-e0cf-4fa3-9a0b-0d89daf70f21,Splash and Slide Water Park
905abd38-c85e-4907-a3e7-a03ed4618563,Whimsical Wizard Wand
bc5ed5c0-4ede-463f-a44f-a7356c41a9ed,Rock 'n' Roll Record Player
0e692521-56c4-4574-a555-e391c67a4a76,Majestic Mermaid Tail Blanket
adf983ce-ccaa-47e9-993f-c81e9bce68f0,Galactic Gumball Machine
71aec0b9-1508-4886-9e47-15c70f9bb332,Safari Safari Binoculars
2b8b81d2-8f79-4d2f-8d2b-576925880e01,Bubble Wrap Bonanza
7ef2cc2f-0a79-4896-a7e3-45c113d184a9,Twirling Tinkerbell Twirler
f4eee43d-3c0c-4b00-81ac-91d85aea63a5,Giggling Gopher Plush
7cc71aaa-63dc-4ef7-9fab-ee6d3406fd01,Neon Noodle Ninja Nunchucks
6816f5ff-fb10-4578-a9ef-bb7c40fab8bb,Puzzle Perfection Board Game
dd8c5e94-3b58-4db7-b9b8-ee48a2b2a729,Coal
